name,handle,bio,url,platform,dm,title,location,followers,profile_url,contact_info,search_term,extraction_method,relevance_score
Kennethtoddnelson,@kennethtoddnelson,Instagram user related to fitness trainer,https://www.instagram.com/kennethtoddnelson,instagram,Hey @kennethtoddnelson! ğŸ‘‹âœ¨ Just wanted to slide into your DMs and connect with a fellow creative! ğŸŒŸ Letâ€™s keep the vibes going and stay in touch! ğŸ™ŒğŸ’¬ Looking forward to seeing your amazing work! ğŸ“¸ğŸ’–,,,,https://www.instagram.com/kennethtoddnelson,,fitness trainer,modal_profile_from_hashtag,0
Marmeladies ,@marmeladies_,Instagram user related to fitness trainer,https://www.instagram.com/marmeladies_,instagram,Hey @marmeladies_! ğŸ‘‹âœ¨ Just wanted to slide into your DMs and connect with a fellow creative! Would love to stay in touch and share some inspo! ğŸ’–ğŸŒŸ Letâ€™s uplift each other! ğŸ™Œ #GirlPower,,,,https://www.instagram.com/marmeladies_,,fitness trainer,modal_profile_from_hashtag,0
Alexandra Stinga,@alexandra.stinga,Instagram user related to fitness trainer,https://www.instagram.com/alexandra.stinga,instagram,Hey @alexandra.stinga! ğŸŒŸ Just wanted to slide into your DMs and connect with a fellow creative! ğŸ¨âœ¨ Excited to stay in touch and share some good vibes! Letâ€™s inspire each other! ğŸ’–ğŸ™Œ #Networking #Crea...,,,,https://www.instagram.com/alexandra.stinga,,fitness trainer,modal_profile_from_hashtag,0
Fit Survivor ,@fit.survivor_,Instagram user related to fitness trainer,https://www.instagram.com/fit.survivor_,instagram,Hey fit.survivor_! ğŸŒŸ Just wanted to slide into your DMs and connect with a fellow wellness enthusiast! ğŸ’ªâœ¨ Love what youâ€™re doingâ€”letâ€™s inspire each other! Looking forward to staying in touch! ğŸ™ŒğŸ’– #F...,,,,https://www.instagram.com/fit.survivor_,,fitness trainer,modal_profile_from_hashtag,2
Gareth Manger,@gareth.manger,Instagram user related to fitness trainer,https://www.instagram.com/gareth.manger,instagram,Hey @gareth.manger! ğŸ‘‹ Just wanted to slide into your DMs and connect with some like-minded pros! ğŸ’¼âœ¨ Excited to keep in touch and share some good vibes! ğŸŒŸ Letâ€™s inspire each other! ğŸ¤ğŸ’¬,,,,https://www.instagram.com/gareth.manger,,fitness trainer,modal_profile_from_hashtag,0
Olgaswiss Fit,@olgaswiss.fit,Instagram user related to fitness trainer,https://www.instagram.com/olgaswiss.fit,instagram,"ĞŸÑ€Ğ¸Ğ²ĞµÑ‚, ĞĞ»ÑŒĞ³Ğ°! ğŸŒŸ Ğ¯ Ğ½Ğ°Ñ‚ĞºĞ½ÑƒĞ»ÑÑ Ğ½Ğ° Ñ‚Ğ²Ğ¾Ğ¹ Ğ¿Ñ€Ğ¾Ñ„Ğ¸Ğ»ÑŒ Ğ¸ Ğ±Ñ‹Ğ» Ğ²Ğ¿ĞµÑ‡Ğ°Ñ‚Ğ»Ñ‘Ğ½ Ñ‚Ğ²Ğ¾Ğ¸Ğ¼Ğ¸ Ğ¿Ğ¾ÑÑ‚Ğ°Ğ¼Ğ¸ Ğ¾ Ñ„Ğ¸Ñ‚Ğ½ĞµÑĞµ. Ğ¢Ñ‹ Ğ²Ğ´Ğ¾Ñ…Ğ½Ğ¾Ğ²Ğ»ÑĞµÑˆÑŒ! ğŸ’ªğŸ¼ ĞšĞ°Ğº Ñƒ Ñ‚ĞµĞ±Ñ Ğ´ĞµĞ»Ğ°? Ğ‘ÑƒĞ´Ñƒ Ñ€Ğ°Ğ´ Ğ¿Ğ¾Ğ¾Ğ±Ñ‰Ğ°Ñ‚ÑŒÑÑ Ğ¸ ÑƒĞ·Ğ½Ğ°Ñ‚ÑŒ Ğ±Ğ¾Ğ»ÑŒÑˆĞµ Ğ¾ Ñ‚Ğ²Ğ¾Ñ‘Ğ¼ Ğ¿Ğ¾Ğ´Ñ…Ğ¾Ğ´Ğµ Ğº Ñ‚Ñ€ĞµĞ½Ğ¸Ñ€Ğ¾Ğ²ĞºĞ°Ğ¼!",,,,https://www.instagram.com/olgaswiss.fit,,fitness trainer,modal_profile_from_hashtag,2
Irep Learning,@irep_learning,Instagram user related to fitness trainer,https://www.instagram.com/irep_learning,instagram,Hey irep_learning! ğŸŒŸ Just sliding into your DMs to connect with some awesome like-minded pros! ğŸ’¼âœ¨ Canâ€™t wait to vibe and share insights! Letâ€™s stay in touch! ğŸ¤ğŸ’¬ #NetworkingGoals,,,,https://www.instagram.com/irep_learning,,fitness trainer,modal_profile_from_hashtag,0
Myfitmall,@myfitmall,Instagram user related to fitness trainer,https://www.instagram.com/myfitmall,instagram,Hey @myfitmall! ğŸ‘‹âœ¨ Just wanted to slide into your DMs and connect with fellow fitness lovers! ğŸ’ªğŸ½â¤ï¸ Canâ€™t wait to stay in touch and share some inspo! Letâ€™s motivate each other! ğŸŒŸğŸ’¥ #FitFam,,,,https://www.instagram.com/myfitmall,,fitness trainer,modal_profile_from_hashtag,2
Sashastoltz,@sashastoltz,Instagram user related to fitness trainer,https://www.instagram.com/sashastoltz,instagram,Hey @sashastoltz! ğŸ‘‹âœ¨ Just wanted to slide into your DMs and connect with a fellow creative! ğŸ’¡ğŸŒŸ Can't wait to share ideas and stay in touch! Letâ€™s inspire each other! ğŸš€ğŸ’–,,,,https://www.instagram.com/sashastoltz,,fitness trainer,modal_profile_from_hashtag,0
Bels Food And Fitness,@bels_food_and_fitness,Instagram user related to fitness trainer,https://www.instagram.com/bels_food_and_fitness,instagram,Hey there! ğŸŒŸ Just wanted to slide into your DMs and connect with a fellow foodie & fitness enthusiast! ğŸ½ï¸ğŸ’ª Excited to share ideas and inspire each other! Letâ€™s stay in touch! ğŸ’–âœ¨ #FoodieFam #FitFam,,,,https://www.instagram.com/bels_food_and_fitness,,fitness trainer,modal_profile_from_hashtag,7
Mjjez929,@mjjez929,Instagram user related to fitness trainer,https://www.instagram.com/mjjez929,instagram,Hey mjjez929! ğŸ‘‹âœ¨ Just wanted to slide into your DMs and say hi! I love connecting with awesome pros like you. ğŸŒŸ Letâ€™s keep the vibes going and stay in touch! ğŸ’¬ğŸ’–,,,,https://www.instagram.com/mjjez929,,fitness trainer,modal_profile_from_hashtag,0
Disciplinednutrition,@disciplinednutrition,Instagram user related to fitness trainer,https://www.instagram.com/disciplinednutrition,instagram,"ä½ å¥½ï¼Œdisciplinednutritionï¼

æˆ‘åˆšåˆšçœ‹åˆ°ä½ çš„ä¸»é¡µï¼Œæ„Ÿè§‰ä½ çš„å†…å®¹å¾ˆæœ‰å¯å‘æ€§ï¼ä½ å¯¹è¥å…»çš„ç†è§£å’Œåˆ†äº«çœŸçš„å¾ˆæ£’ã€‚å¸Œæœ›èƒ½å…³æ³¨ä½ çš„åŠ¨æ€ï¼Œäº’ç›¸å­¦ä¹ ï¼Œä¸€èµ·è¿›æ­¥ï¼æœŸå¾…ä½ çš„æ–°åˆ†äº«å“¦ï¼

ç¥å¥½ï¼",,,,https://www.instagram.com/disciplinednutrition,,fitness trainer,modal_profile_from_hashtag,2
Ozone Fitness My,@ozone_fitness_my,Instagram user related to fitness trainer,https://www.instagram.com/ozone_fitness_my,instagram,Hey @ozone_fitness_my! ğŸŒŸ Just wanted to slide into your DMs and connect with a fellow fitness enthusiast! ğŸ’ªğŸ’š Excited to share ideas and stay in touch! Letâ€™s inspire each other! ğŸ’¥âœ¨ #FitnessFam,,,,https://www.instagram.com/ozone_fitness_my,,fitness trainer,modal_profile_from_hashtag,7
Stephsh0Rty,@stephsh0rty,Instagram user related to fitness trainer,https://www.instagram.com/stephsh0rty,instagram,Heyyy @stephsh0rty! ğŸŒŸ Just sliding into your DMs to connect with a fellow creative! ğŸ’« Letâ€™s vibe and share some inspo! Canâ€™t wait to see what youâ€™re up to! ğŸ“¸âœ¨,,,,https://www.instagram.com/stephsh0rty,,fitness trainer,modal_profile_from_hashtag,0
Facts Arabia,@facts.arabia,Instagram user related to fitness trainer,https://www.instagram.com/facts.arabia,instagram,Hey @facts.arabia! ğŸŒŸ Just sliding into your DMs to connect with awesome creators like you! ğŸ¤âœ¨ Canâ€™t wait to share ideas and vibes! Letâ€™s stay in touch! ğŸ’¬ğŸ’– #Networking #Collab,,,,https://www.instagram.com/facts.arabia,,fitness trainer,modal_profile_from_hashtag,0
Thefitnesshorizongym,@thefitnesshorizongym,Instagram user related to fitness trainer,https://www.instagram.com/thefitnesshorizongym,instagram,"Hey there, @thefitnesshorizongym! ğŸ’ªâœ¨ Just wanted to slide into your DMs and connect with some amazing fitness pros like yourself! Letâ€™s inspire each other and keep the good vibes going! ğŸŒŸ Looking f...",,,,https://www.instagram.com/thefitnesshorizongym,,fitness trainer,modal_profile_from_hashtag,9
Lincyfit,@lincyfit,Instagram user related to fitness trainer,https://www.instagram.com/lincyfit,instagram,ä½ å¥½ï¼ŒLincyfitï¼ğŸ˜Š æˆ‘çœ‹åˆ°ä½ çš„ä¸ªäººèµ„æ–™å¾ˆæœ‰è¶£ï¼Œæƒ³å’Œä½ äº¤æµä¸€ä¸‹ã€‚ä½ åœ¨å¥èº«æ–¹é¢æœ‰ä»€ä¹ˆå¥½çš„å»ºè®®å—ï¼ŸæœŸå¾…ä½ çš„å›å¤ï¼ğŸ’ªâœ¨,,,,https://www.instagram.com/lincyfit,,fitness trainer,modal_profile_from_hashtag,2
Futurerevive,@futurerevive,Instagram user related to fitness trainer,https://www.instagram.com/futurerevive,instagram,Hey @futurerevive! ğŸŒŸ Just sliding into your DMs to connect with some awesome like-minded pros! ğŸ¤âœ¨ Canâ€™t wait to see what we can share and inspire each other with! Letâ€™s stay in touch! ğŸ’¬ğŸ’–,,,,https://www.instagram.com/futurerevive,,fitness trainer,modal_profile_from_hashtag,0
Arafa Fitnesspt,@arafa_fitnesspt,Instagram user related to fitness trainer,https://www.instagram.com/arafa_fitnesspt,instagram,Hey @arafa_fitnesspt! ğŸ‘‹âœ¨ Just wanted to slide into your DMs and connect with a fellow fitness enthusiast! ğŸ’ªğŸŒŸ Letâ€™s inspire each other and share some good vibes! Looking forward to staying in touch!...,,,,https://www.instagram.com/arafa_fitnesspt,,fitness trainer,modal_profile_from_hashtag,7
Fitindiatrust,@fitindiatrust,Instagram user related to fitness trainer,https://www.instagram.com/fitindiatrust,instagram,Hey @fitindiatrust! ğŸ‘‹âœ¨ Just wanted to slide into your DMs to connect with some fellow wellness warriors! ğŸ’ªğŸŒ± Canâ€™t wait to share ideas and stay in touch! Letâ€™s inspire each other! ğŸ™ŒğŸ’– #FitnessFam,,,,https://www.instagram.com/fitindiatrust,,fitness trainer,modal_profile_from_hashtag,2
Wellnessatvirtus,@wellnessatvirtus,Instagram user related to fitness trainer,https://www.instagram.com/wellnessatvirtus,instagram,Hey there @wellnessatvirtus! ğŸŒŸ Just wanted to slide into your DMs and connect with some fellow wellness warriors! ğŸ’ªâœ¨ Excited to share vibes and stay in touch! ğŸ™ŒğŸ’– #WellnessCommunity,,,,https://www.instagram.com/wellnessatvirtus,,fitness trainer,modal_profile_from_hashtag,2
Lailaammani88,@lailaammani88,Instagram user related to fitness trainer,https://www.instagram.com/lailaammani88,instagram,Hey @lailaammani88! ğŸŒŸ Just wanted to slide into your DMs to connect with fellow creatives! ğŸ’Œâœ¨ Excited to share ideas and stay in touch! Letâ€™s inspire each other! ğŸ’«ğŸ™Œ #NetworkingGoals,,,,https://www.instagram.com/lailaammani88,,fitness trainer,modal_profile_from_hashtag,0
Hunksover40,@hunksover40,Instagram user related to fitness trainer,https://www.instagram.com/hunksover40,instagram,"Hey there, @hunksover40! ğŸ‘‹âœ¨ Just sliding into your DMs to connect with some fellow awesome professionals! ğŸ™Œ Looking forward to vibing and staying in touch! ğŸ’ªğŸ“ˆ Letâ€™s inspire each other! ğŸ’¥ #StayConne...",,,,https://www.instagram.com/hunksover40,,fitness trainer,modal_profile_from_hashtag,0
Cooperfitnesscenterandspa,@cooperfitnesscenterandspa,Instagram user related to fitness trainer,https://www.instagram.com/cooperfitnesscenterandspa,instagram,Hey @cooperfitnesscenterandspa! ğŸŒŸ Just wanted to slide into your DMs and connect with some amazing fitness pros! ğŸ’ªğŸ’š Excited to stay in touch and share some good vibes! Letâ€™s inspire each other! ğŸ˜„âœ¨ ...,,,,https://www.instagram.com/cooperfitnesscenterandspa,,fitness trainer,modal_profile_from_hashtag,7
Stormsweatofficial,@stormsweatofficial,Instagram user related to fitness trainer,https://www.instagram.com/stormsweatofficial,instagram,Hey @stormsweatofficial! ğŸŒŸ Just sliding into your DMs to connect with some awesome like-minded peeps! ğŸ¤âœ¨ Canâ€™t wait to stay in touch and share some good vibes! ğŸ’«ğŸ™Œ #Networking #GoodVibesOnly,,,,https://www.instagram.com/stormsweatofficial,,fitness trainer,modal_profile_from_hashtag,0
Fitlivingbychris,@fitlivingbychris,Instagram user related to fitness trainer,https://www.instagram.com/fitlivingbychris,instagram,"ä½ å¥½ï¼Œfitlivingbychrisï¼ğŸ‘‹

æˆ‘çœ‹åˆ°ä½ çš„ä¸»é¡µï¼Œæ„Ÿè§‰ä½ å¯¹å¥åº·ç”Ÿæ´»çš„çƒ­æƒ…çœŸè®©äººé¼“èˆï¼ğŸ’ªå¸Œæœ›èƒ½è·Ÿä½ ä¸€èµ·åˆ†äº«å¥èº«å’Œè¥å…»çš„ç»éªŒï¼Œäº’ç›¸å­¦ä¹ ï¼æœŸå¾…ä½ çš„å›ä¿¡å“¦ï¼ğŸ˜Š

ç¥ä½ æœ‰ç¾å¥½çš„ä¸€å¤©ï¼",,,,https://www.instagram.com/fitlivingbychris,,fitness trainer,modal_profile_from_hashtag,2
Endorphinzmedia,@endorphinzmedia,Instagram user related to fitness trainer,https://www.instagram.com/endorphinzmedia,instagram,Hey @endorphinzmedia! ğŸ‘‹âœ¨ Just wanted to slide into your DMs and connect with fellow creatives! ğŸ¨ğŸ’« Excited to share ideas and stay in touch! Letâ€™s vibe! ğŸ¤ğŸ’– #CollabGoals,,,,https://www.instagram.com/endorphinzmedia,,fitness trainer,modal_profile_from_hashtag,0
N21Michelle Fitness,@n21michelle.fitness,Instagram user related to fitness trainer,https://www.instagram.com/n21michelle.fitness,instagram,"Salut Michelle ! ğŸŒŸ J'adore ton contenu sur le fitness, c'est vraiment inspirant ! ğŸ’ª Si tu as des conseils Ã  partager ou des dÃ©fis Ã  relever, je suis preneur. HÃ¢te d'Ã©changer avec toi ! Ã€ bientÃ´t ! ğŸ˜Š",,,,https://www.instagram.com/n21michelle.fitness,,fitness trainer,modal_profile_from_hashtag,7
Fit And Fabb,@fit_and_fabb,Instagram user related to fitness trainer,https://www.instagram.com/fit_and_fabb,instagram,Hey @fit_and_fabb! ğŸŒŸ Just sliding into your DMs to connect with some awesome like-minded peeps! ğŸ’ªâœ¨ Letâ€™s inspire each other and stay in touch! ğŸ’–ğŸ’¬ Canâ€™t wait to see your next post! ğŸ“¸ #FitFam,,,,https://www.instagram.com/fit_and_fabb,,fitness trainer,modal_profile_from_hashtag,2
Desiclassybrides,@desiclassybrides,Instagram user related to fitness trainer,https://www.instagram.com/desiclassybrides,instagram,Hey @desiclassybrides! ğŸŒ¸âœ¨ Just sliding into your DMs to connect with some amazing like-minded pros! Would love to stay in touch and share inspo! ğŸ’–ğŸ’ Letâ€™s collab and create some magic together! ğŸŒŸğŸ’«,,,,https://www.instagram.com/desiclassybrides,,fitness trainer,modal_profile_from_hashtag,0
Binnysfitnesslab,@binnysfitnesslab,Instagram user related to fitness trainer,https://www.instagram.com/binnysfitnesslab,instagram,Hey @binnysfitnesslab! ğŸ‘‹âœ¨ Just wanted to slide into your DMs and connect with a fellow fitness enthusiast! ğŸ’ªğŸ¼ğŸ’š Excited to share ideas and stay in touch! Letâ€™s inspire each other! ğŸŒŸğŸ™ŒğŸ¼ #FitFam,,,,https://www.instagram.com/binnysfitnesslab,,fitness trainer,modal_profile_from_hashtag,7
Vivafitkitchen,@vivafitkitchen,Instagram user related to fitness trainer,https://www.instagram.com/vivafitkitchen,instagram,ä½ å¥½ï¼ğŸŒŸ æˆ‘çœ‹åˆ°ä½ çš„è´¦å·vivafitkitchenï¼ŒçœŸçš„æ˜¯å¾ˆå–œæ¬¢ä½ åˆ†äº«çš„å¥åº·é¥®é£Ÿçµæ„Ÿï¼ğŸ½ï¸ å¸Œæœ›èƒ½çœ‹åˆ°æ›´å¤šä½ ç²¾å½©çš„å†…å®¹ï¼Œä¹ŸæœŸå¾…å’Œä½ äº¤æµï¼Œåˆ†äº«ä¸€äº›å¥åº·çš„ç”Ÿæ´»æ–¹å¼ï¼åŠ æ²¹ï¼ğŸ’ªâœ¨,,,,https://www.instagram.com/vivafitkitchen,,fitness trainer,modal_profile_from_hashtag,2
90 Degree Fitness Studio,@90_degree_fitness_studio,Instagram user related to fitness trainer,https://www.instagram.com/90_degree_fitness_studio,instagram,Hey 90_degree_fitness_studio! ğŸ‘‹ğŸ’ª Just wanted to slide into your DMs and connect with some awesome fitness pros! Letâ€™s inspire each other and keep the good vibes going! ğŸŒŸğŸ’– Canâ€™t wait to stay in touc...,,,,https://www.instagram.com/90_degree_fitness_studio,,fitness trainer,modal_profile_from_hashtag,7
Indulgexpress,@indulgexpress,Instagram user related to fitness trainer,https://www.instagram.com/indulgexpress,instagram,Hey @indulgexpress! ğŸ‘‹âœ¨ Just wanted to slide into your DMs and connect with fellow creatives! ğŸ’– Excited to share ideas and stay in touch! Letâ€™s inspire each other! ğŸŒŸğŸ’¬ #NetworkingGoals,,,,https://www.instagram.com/indulgexpress,,fitness trainer,modal_profile_from_hashtag,0
Dynamixeg,@dynamixeg,Instagram user related to fitness trainer,https://www.instagram.com/dynamixeg,instagram,Hey @dynamixeg! ğŸ‘‹âœ¨ Just sliding into your DMs to connect with some awesome like-minded pros! ğŸŒŸ Canâ€™t wait to stay in touch and share some inspo! ğŸ’¬ğŸ’– Letâ€™s vibe! ğŸ™ŒğŸ˜Š,,,,https://www.instagram.com/dynamixeg,,fitness trainer,modal_profile_from_hashtag,0
Izztfaris,@izztfaris,Instagram user related to fitness trainer,https://www.instagram.com/izztfaris,instagram,Hey @izztfaris! ğŸ‘‹âœ¨ Just wanted to slide into your DMs to connect with some awesome like-minded folks! ğŸŒŸ Can't wait to share ideas and stay in touch! ğŸ’¬ğŸ’– Hope you're having a great day! ğŸ˜„ğŸ™Œ,,,,https://www.instagram.com/izztfaris,,fitness trainer,modal_profile_from_hashtag,0
Fitnessbyzain,@fitnessbyzain,Instagram user related to fitness trainer,https://www.instagram.com/fitnessbyzain,instagram,Hey @fitnessbyzain! ğŸ‘‹ Just wanted to slide into your DMs and connect with a fellow fitness enthusiast! ğŸ’ªâœ¨ Love your vibe and all the inspo you share! Letâ€™s stay in touch and motivate each other! ğŸŒŸğŸ’š...,,,,https://www.instagram.com/fitnessbyzain,,fitness trainer,modal_profile_from_hashtag,7
Sherinpoojari,@sherinpoojari,Instagram user related to fitness trainer,https://www.instagram.com/sherinpoojari,instagram,Hey @sherinpoojari! ğŸŒŸ Just wanted to slide into your DMs and connect with a fellow creative! ğŸ’« Excited to share ideas and vibes! Letâ€™s stay in touch! ğŸ˜Šâœ¨ #LetsConnect,,,,https://www.instagram.com/sherinpoojari,,fitness trainer,modal_profile_from_hashtag,0
Train247Fitness,@train247fitness,Instagram user related to fitness trainer,https://www.instagram.com/train247fitness,instagram,Hey @train247fitness! ğŸŒŸ Just sliding into your DMs to connect with some awesome like-minded pros! ğŸ’ªâœ¨ Letâ€™s share some inspo and keep the good vibes rollin'. Canâ€™t wait to stay in touch! ğŸ™ŒğŸ˜Š #FitnessFam,,,,https://www.instagram.com/train247fitness,,fitness trainer,modal_profile_from_hashtag,7
Discombgroup,@discombgroup,Instagram user related to fitness trainer,https://www.instagram.com/discombgroup,instagram,"Hey there, @discombgroup! ğŸŒŸ Just sliding into your DMs to connect with some like-minded pros! ğŸ¤ Excited to stay in touch and share some good vibes! âœ¨ Letâ€™s make magic happen! ğŸ’«ğŸ’¬",,,,https://www.instagram.com/discombgroup,,fitness trainer,modal_profile_from_hashtag,0
Lisamongullaphoto,@lisamongullaphoto,Instagram user related to fitness trainer,https://www.instagram.com/lisamongullaphoto,instagram,"ä½ å¥½ï¼ŒLisaï¼ğŸ‘‹

æˆ‘åœ¨ä½ çš„é¡µé¢ä¸Šçœ‹åˆ°äº†å¾ˆå¤šç²¾å½©çš„ç…§ç‰‡ï¼ŒçœŸçš„å¾ˆå–œæ¬¢ä½ çš„ä½œå“ï¼ğŸ“¸âœ¨ å¸Œæœ›èƒ½çœ‹åˆ°ä½ æ›´å¤šçš„åˆ›ä½œï¼Œä¹Ÿå¾ˆæœŸå¾…ä¸ä½ äº¤æµæ‘„å½±çš„çµæ„Ÿï¼ç¥ä½ æœ‰ç¾å¥½çš„ä¸€å¤©ï¼ğŸ˜Š

æ•¬ç¥å®‰å¥½ï¼",,,,https://www.instagram.com/lisamongullaphoto,,fitness trainer,modal_profile_from_hashtag,0
Life By Lise,@life_by_lise,Instagram user related to fitness trainer,https://www.instagram.com/life_by_lise,instagram,"ä½ å¥½ï¼Œlife_by_liseï¼ğŸŒŸ

æˆ‘çœ‹åˆ°ä½ çš„ç®€ä»‹å¾ˆç®€å•ï¼Œä½†è¿™è®©æˆ‘å¯¹ä½ çš„å†…å®¹æ›´åŠ å¥½å¥‡ï¼å¾ˆæœŸå¾…çœ‹åˆ°ä½ åˆ†äº«çš„ç”Ÿæ´»ç‚¹æ»´ã€‚å¸Œæœ›èƒ½åœ¨è¿™é‡Œä¸€èµ·äº¤æµï¼Œäº’ç›¸å¯å‘ï¼ğŸ’¬

ç¥ä½ æ¯å¤©éƒ½å¼€å¿ƒï¼ğŸ˜Š",,,,https://www.instagram.com/life_by_lise,,fitness trainer,modal_profile_from_hashtag,0
Kishankumar6269,@kishankumar6269,Instagram user related to fitness trainer,https://www.instagram.com/kishankumar6269,instagram,Hey @kishankumar6269! âœŒï¸ Just wanted to slide into your DMs to connect with a fellow pro! ğŸ’¼âœ¨ Letâ€™s keep the convo going and share some great ideas! Looking forward to it! ğŸ™ŒğŸ’¬ #NetworkingVibes,,,,https://www.instagram.com/kishankumar6269,,fitness trainer,modal_profile_from_hashtag,0
